,loss,accuracy,precision,recall,pr_auc,lr,activity_reg,dropout_rate
0,0.7277864217758179,0.961190938949585,0.6627296805381775,0.9501411318778992,0.9938328862190247,0.0001,0.0001,0.2
